,epoch,loss
0,50,0.27220109732003794
1,100,0.22861414126345794
2,150,0.4169230979963947
3,200,0.3903209805900657
4,250,0.3979497557777583
5,300,0.38019327766040156
6,350,0.3713810789211443
7,400,0.44895655091140635
8,450,0.3709417795212692
9,500,0.35442345429630734
10,550,0.36937912780800713
11,600,0.38480738591478325
