,epoch,loss
0,1,0.6887787313223068
1,2,0.6626120128184405
